<?xml version="1.0" encoding="utf-8" ?>
<Defs>

  <HediffDef ParentName="ImplantHediffBase">
    <defName>FF_TearGasArmImplant</defName>
    <label>tear gas launcher</label>
    <labelNoun>a tear gas launcher</labelNoun>
    <description>An installed tear gas launcher.</description>
    <descriptionHyperlinks><ThingDef>FF_TearGasArmImplant</ThingDef></descriptionHyperlinks>
    <spawnThingOnRemoved>FF_TearGasArmImplant</spawnThingOnRemoved>
    <comps>
      <li Class="MVCF.Comps.HediffCompProperties_ExtendedVerbGiver">
        <verbs>
          <li>
            <label>FF_TearGasArmImplant</label>
            <verbClass>Verb_LaunchProjectileStatic</verbClass>
            <hasStandardCommand>True</hasStandardCommand>
            <defaultProjectile>VWENL_Projectile_TearGasGrenade</defaultProjectile>
            <forcedMissRadius>2.9</forcedMissRadius>
            <burstShotCount>1</burstShotCount>
            <ticksBetweenBurstShots>8</ticksBetweenBurstShots>
            <warmupTime>1.5</warmupTime>
            <ai_AvoidFriendlyFireRadius>5</ai_AvoidFriendlyFireRadius>
            <range>19.9</range>
            <soundCast>VWENL_Shot_GrenadeLauncher</soundCast>
            <soundCastTail>GunTail_Medium</soundCastTail>
            <onlyManualCast>true</onlyManualCast>
            <targetParams>
              <canTargetLocations>true</canTargetLocations>
            </targetParams>
            <muzzleFlashScale>14</muzzleFlashScale>
          </li>
        </verbs>
        <verbProps>
          <li>
            <label>FF_TearGasArmImplant</label>
            <visualLabel>tear gas launcher</visualLabel>
            <draw>false</draw>
            <canBeToggled>true</canBeToggled>
            <canFireIndependently>false</canFireIndependently>
            <comps>
              <li Class="MVCF.VerbComps.VerbCompProperties_Cooldown">
                <compClass>MVCF.VerbComps.VerbComp_Cooldown</compClass>
                <cooldownTime>10</cooldownTime>
              </li>
              <li Class="MVCF.Reloading.Comps.VerbCompProperties_Reloadable">
                <compClass>MVCF.Reloading.Comps.VerbComp_Reloadable</compClass>
                <MaxShots>5</MaxShots>
                <AmmoFilter>
                  <thingDefs>
                    <li>Neutroamine</li>
                  </thingDefs>
                </AmmoFilter>
                <ItemsPerShot>5</ItemsPerShot>
                <ReloadTimePerShot>1</ReloadTimePerShot>
                <ReloadSound>Interact_Rifle</ReloadSound>
              </li>
            </comps>
          </li>
        </verbProps>
      </li>
    </comps>
  </HediffDef>

  <ThingDef ParentName="FF_BodyPartBionicCombatBase">
    <defName>FF_TearGasArmImplant</defName>
    <label>tear gas launcher</label>
    <description>An advanced artifical arm, with a built-in tear gas canister launcher. While providing combat advantage, it is better than a biological arm in almost every way.</description>
    <descriptionHyperlinks><RecipeDef>FF_InstallTearGasArmImplant</RecipeDef></descriptionHyperlinks>
    <costList>
      <Plasteel>15</Plasteel>
      <ComponentSpacer>4</ComponentSpacer>
      <Neutroamine>25</Neutroamine>
    </costList>
    <thingSetMakerTags><li>RewardStandardLowFreq</li></thingSetMakerTags>
    <recipeMaker>
      <researchPrerequisites>
        <li>Bionics</li>
        <li>VWE_NonLethal</li>
      </researchPrerequisites>
	</recipeMaker>
    <statBases>
      <Mass>5</Mass>
    </statBases>
  </ThingDef>

  <RecipeDef ParentName="SurgeryInstallBodyPartArtificialBase">
    <defName>FF_InstallTearGasArmImplant</defName>
    <label>install tear gas launcher</label>
    <description>Install a tear gas launcher.</description>
    <descriptionHyperlinks>
      <ThingDef>FF_TearGasArmImplant</ThingDef>
      <HediffDef>FF_TearGasArmImplant</HediffDef>
    </descriptionHyperlinks>
    <jobString>Installing tear gas launcher.</jobString>
    <ingredients>
      <li>
        <filter>
          <thingDefs>
            <li>FF_TearGasArmImplant</li>
          </thingDefs>
        </filter>
        <count>1</count>
      </li>
    </ingredients>
    <fixedIngredientFilter>
      <thingDefs>
        <li>FF_TearGasArmImplant</li>
      </thingDefs>
    </fixedIngredientFilter>
    <appliedOnFixedBodyParts>
      <li>Arm</li>
    </appliedOnFixedBodyParts>
    <addsHediff>FF_TearGasArmImplant</addsHediff>
  </RecipeDef>
  
  <RecipeDef ParentName="SurgeryRemoveImplantBase">
    <defName>FF_RemoveTearGasArmImplant</defName>
    <label>remove tear gas launcher</label>
    <description>Remove tear gas launcher.</description>
    <descriptionHyperlinks>
      <ThingDef>FF_TearGasArmImplant</ThingDef>
      <HediffDef>FF_TearGasArmImplant</HediffDef>
    </descriptionHyperlinks>
    <jobString>Removing tear gas launcher.</jobString>
    <removesHediff>FF_TearGasArmImplant</removesHediff>
  </RecipeDef>

  <!-- Legacy version -->

  <HediffDef ParentName="AddedBodyPartBase">
    <defName>FF_TearGasArm</defName>
    <label>tear gas arm (legacy)</label>
    <labelNoun>a tear gas arm</labelNoun>
    <description>An installed tear gas arm.</description>
    <descriptionHyperlinks><ThingDef>FF_TearGasArm</ThingDef></descriptionHyperlinks>
    <spawnThingOnRemoved>FF_TearGasArm</spawnThingOnRemoved>
    <addedPartProps>
      <solid>true</solid>
      <partEfficiency>1.15</partEfficiency>
      <betterThanNatural>true</betterThanNatural>
    </addedPartProps>
    <comps>
      <li Class="MVCF.Comps.HediffCompProperties_ExtendedVerbGiver">
        <tools>
          <li>
            <label>fist</label>
            <capacities>
              <li>Blunt</li>
            </capacities>
            <power>12</power>
            <cooldownTime>2</cooldownTime>
            <soundMeleeHit>MeleeHit_BionicPunch</soundMeleeHit>
            <soundMeleeMiss>MeleeMiss_BionicPunch</soundMeleeMiss>
          </li>
        </tools>
        <verbs>
          <li>
            <label>tear gas arm</label>
            <verbClass>Verb_Shoot</verbClass>
            <hasStandardCommand>True</hasStandardCommand>
            <defaultProjectile>VWENL_Projectile_TearGasGrenade</defaultProjectile>
            <forcedMissRadius>2.9</forcedMissRadius>
            <burstShotCount>1</burstShotCount>
            <ticksBetweenBurstShots>8</ticksBetweenBurstShots>
            <warmupTime>1.5</warmupTime>
            <ai_AvoidFriendlyFireRadius>5</ai_AvoidFriendlyFireRadius>
            <range>19.9</range>
            <soundCast>VWENL_Shot_GrenadeLauncher</soundCast>
            <soundCastTail>GunTail_Medium</soundCastTail>
            <onlyManualCast>true</onlyManualCast>
            <targetParams>
              <canTargetLocations>true</canTargetLocations>
            </targetParams>
            <muzzleFlashScale>14</muzzleFlashScale>
          </li>
        </verbs>
        <verbProps>
          <li>
            <label>tear gas arm</label>
            <draw>false</draw>
            <canBeToggled>true</canBeToggled>
            <canFireIndependently>false</canFireIndependently>
            <comps>
              <li Class="MVCF.VerbComps.VerbCompProperties_Cooldown">
                <compClass>MVCF.VerbComps.VerbComp_Cooldown</compClass>
                <cooldownTime>10</cooldownTime>
              </li>
              <li Class="MVCF.Reloading.Comps.VerbCompProperties_Reloadable">
                <compClass>MVCF.Reloading.Comps.VerbComp_Reloadable</compClass>
                <MaxShots>5</MaxShots>
                <AmmoFilter>
                  <thingDefs>
                    <li>Neutroamine</li>
                  </thingDefs>
                </AmmoFilter>
                <ItemsPerShot>5</ItemsPerShot>
                <ReloadTimePerShot>1</ReloadTimePerShot>
                <ReloadSound>Interact_Rifle</ReloadSound>
              </li>
            </comps>
          </li>
        </verbProps>
      </li>
    </comps>
  </HediffDef>

  <ThingDef ParentName="FF_BodyPartBionicCombatBase">
    <defName>FF_TearGasArm</defName>
    <label>tear gas arm (legacy)</label>
    <description>An advanced artifical arm, with a built-in tear gas canister launcher. While providing combat advantage, it is better than a biological arm in almost every way.</description>
    <descriptionHyperlinks><RecipeDef>FF_InstallTearGasArm</RecipeDef></descriptionHyperlinks>
    <costList>
      <Plasteel>30</Plasteel>
      <ComponentSpacer>4</ComponentSpacer>
      <Neutroamine>25</Neutroamine>
    </costList>
    <statBases>
      <Mass>5</Mass>
    </statBases>
    <recipeMaker Inherit="False" /> <!-- You'll no longer be able to craft the legacy version -->
    <techHediffsTags Inherit="False" /> <!-- You'll no longer see this spawned on pawns -->
    <tradeTags Inherit="False" /> <!-- You'll no longer see this sold by traders -->
  </ThingDef>

  <RecipeDef ParentName="SurgeryInstallBodyPartArtificialBase">
    <defName>FF_InstallTearGasArm</defName>
    <label>install tear gas arm (legacy)</label>
    <description>Install a tear gas arm.</description>
    <descriptionHyperlinks>
      <ThingDef>FF_TearGasArm</ThingDef>
      <HediffDef>FF_TearGasArm</HediffDef>
    </descriptionHyperlinks>
    <jobString>Installing tear gas arm.</jobString>
    <ingredients>
      <li>
        <filter>
          <thingDefs>
            <li>FF_TearGasArm</li>
          </thingDefs>
        </filter>
        <count>1</count>
      </li>
    </ingredients>
    <fixedIngredientFilter>
      <thingDefs>
        <li>FF_TearGasArm</li>
      </thingDefs>
    </fixedIngredientFilter>
    <appliedOnFixedBodyParts>
      <li>Arm</li>
    </appliedOnFixedBodyParts>
    <addsHediff>FF_TearGasArm</addsHediff>
  </RecipeDef>

</Defs>