<?xml version="1.0" encoding="utf-8"?>
<Defs>

  <HediffDef ParentName="ImplantHediffBase">
    <defName>FF_EMPWristImplant</defName>
    <label>EMP distruptor</label>
    <labelNoun>an EMP distruptor</labelNoun>
    <description>An installed EMP distruptor.</description>
    <descriptionHyperlinks><ThingDef>FF_EMPWristImplant</ThingDef></descriptionHyperlinks>
    <spawnThingOnRemoved>FF_EMPWristImplant</spawnThingOnRemoved>
    <comps>
      <li Class="MVCF.Comps.HediffCompProperties_ExtendedVerbGiver">
        <verbs>
          <li>
            <verbClass>Verb_LaunchProjectileStatic</verbClass>
            <label>EMP distruptor</label>
            <hasStandardCommand>True</hasStandardCommand>
            <defaultProjectile>Bullet_FF_EMPWrist</defaultProjectile>
            <forcedMissRadius>0.0001</forcedMissRadius>
            <burstShotCount>1</burstShotCount>
            <warmupTime>1.5</warmupTime>
            <range>34.9</range>
            <onlyManualCast>True</onlyManualCast>
            <targetParams>
              <canTargetLocations>true</canTargetLocations>
            </targetParams>
            <muzzleFlashScale>14</muzzleFlashScale>
          </li>
        </verbs>
        <verbProps>
          <li>
            <label>EMP distruptor</label>
            <draw>false</draw>
            <canBeToggled>true</canBeToggled>
            <canFireIndependently>false</canFireIndependently>
            <comps>
              <li Class="MVCF.VerbComps.VerbCompProperties_Cooldown">
                <compClass>MVCF.VerbComps.VerbComp_Cooldown</compClass>
                <cooldownTime>10</cooldownTime>
              </li>
            </comps>
          </li>
        </verbProps>
      </li>
    </comps>
  </HediffDef>

  <ThingDef ParentName="FF_BodyPartBionicCombatBase">
    <defName>FF_EMPWristImplant</defName>
    <label>EMP distruptor</label>
    <description>placeholder</description>
    <descriptionHyperlinks><RecipeDef>FF_InstallEMPWristImplant</RecipeDef></descriptionHyperlinks>
    <costList>
      <Plasteel>15</Plasteel>
      <ComponentSpacer>5</ComponentSpacer>
    </costList>
    <thingSetMakerTags><li>RewardStandardLowFreq</li></thingSetMakerTags>
    <statBases>
      <Mass>5</Mass>
    </statBases>
	<recipeMaker>
      <researchPrerequisites>
        <li>Bionics</li>
      </researchPrerequisites>
	</recipeMaker>
  </ThingDef>

  <RecipeDef ParentName="SurgeryInstallImplantBase">
    <defName>FF_InstallEMPWristImplant</defName>
    <label>install EMP distruptor</label>
    <description>Install EMP distruptor.</description>
    <descriptionHyperlinks>
      <ThingDef>FF_EMPWristImplant</ThingDef>
      <HediffDef>FF_EMPWristImplant</HediffDef>
    </descriptionHyperlinks>
    <jobString>Installing EMP distruptor.</jobString>
    <ingredients>
      <li>
        <filter>
          <thingDefs>
            <li>FF_EMPWristImplant</li>
          </thingDefs>
        </filter>
        <count>1</count>
      </li>
    </ingredients>
    <fixedIngredientFilter>
      <thingDefs>
        <li>FF_EMPWristImplant</li>
      </thingDefs>
    </fixedIngredientFilter>
    <appliedOnFixedBodyParts>
      <li>Arm</li>
    </appliedOnFixedBodyParts>
    <addsHediff>FF_EMPWristImplant</addsHediff>
  </RecipeDef>

  <RecipeDef ParentName="SurgeryRemoveImplantBase">
    <defName>FF_RemoveEMPWristImplant</defName>
    <label>remove EMP distruptor</label>
    <description>Remove EMP distruptor.</description>
    <descriptionHyperlinks>
      <ThingDef>FF_EMPWristImplant</ThingDef>
      <HediffDef>FF_EMPWristImplant</HediffDef>
    </descriptionHyperlinks>
    <jobString>Removing EMP distruptor.</jobString>
    <removesHediff>FF_EMPWristImplant</removesHediff>
  </RecipeDef>

  <ThingDef ParentName="BaseBullet">
    <defName>Bullet_FF_EMPWrist</defName>
    <label>EMP</label>
    <graphicData>
      <texPath>UI/EmptyImage</texPath>
      <graphicClass>Graphic_Single</graphicClass>
      <shaderType>TransparentPostLight</shaderType>
    </graphicData>
    <thingClass>Projectile_Explosive</thingClass>
    <projectile>
      <damageDef>EMP</damageDef>
      <explosionRadius>3.4</explosionRadius>
      <speed>1000</speed>
    </projectile>
  </ThingDef>

</Defs>