<?xml version="1.0" encoding="utf-8" ?>
<Patch>

  <Operation Class="PatchOperationFindMod">
    <mods>
      <li>Vanilla Weapons Expanded - Heavy Weapons</li>
    </mods>

    <match Class="PatchOperationSequence">
    <operations>

      <li Class="PatchOperationAdd">
        <xpath>/Defs</xpath>
        <value>
  <HediffDef ParentName="AddedBodyPartBase">
    <defName>FF_FlamerWrist</defName>
    <label>flamer wrist</label>
    <labelNoun>a flamer wrist</labelNoun>
    <description>An installed flamer wrist.</description>
    <descriptionHyperlinks><ThingDef>FF_FlamerWrist</ThingDef></descriptionHyperlinks>
    <spawnThingOnRemoved>FF_FlamerWrist</spawnThingOnRemoved>
    <addedPartProps>
      <solid>true</solid>
      <partEfficiency>1.15</partEfficiency>
      <betterThanNatural>true</betterThanNatural>
    </addedPartProps>
    <comps>
      <li Class="Reloading.HediffCompProperties_Reloadable">
        <compClass>Reloading.HediffComp_Reloadable</compClass>
        <MaxShots>5</MaxShots>
        <AmmoFilter>
          <thingDefs>
             <li>Chemfuel</li>
          </thingDefs>
        </AmmoFilter>
        <ItemsPerShot>8</ItemsPerShot>
        <ReloadTimePerShot>1</ReloadTimePerShot>
        <ReloadSound>ReloadRocket</ReloadSound>
      </li>
      <li Class="MVCF.Comps.HediffCompProperties_ExtendedVerbGiver">
        <tools>
          <li>
            <label>fist</label>
            <capacities>
              <li>Blunt</li>
            </capacities>
            <power>12</power>
            <cooldownTime>2</cooldownTime>
            <soundMeleeHit>MeleeHit_BionicPunch</soundMeleeHit>
            <soundMeleeMiss>MeleeMiss_BionicPunch</soundMeleeMiss>
          </li>
        </tools>
        <verbs>
          <li>
            <verbClass>Reloading.Verb_ShootReloadable</verbClass>
            <hasStandardCommand>True</hasStandardCommand>
            <defaultProjectile>VWE_Bullet_HeavyFlamer</defaultProjectile>
            <burstShotCount>1</burstShotCount>
            <ticksBetweenBurstShots>8</ticksBetweenBurstShots>
            <warmupTime>0.75</warmupTime>
            <ai_AvoidFriendlyFireRadius>3</ai_AvoidFriendlyFireRadius>
            <range>7.9</range>
            <soundCast>InfernoCannon_Fire</soundCast>
            <soundCastTail>GunTail_Light</soundCastTail>
            <onlyManualCast>true</onlyManualCast>
            <targetParams>
              <canTargetLocations>true</canTargetLocations>
            </targetParams>
            <muzzleFlashScale>14</muzzleFlashScale>
          </li>
        </verbs>
        <verbProps>
          <li>
            <label>flamer wrist</label>
            <draw>false</draw>
            <canBeToggled>true</canBeToggled>
            <canFireIndependently>false</canFireIndependently>
          </li>
        </verbProps>
      </li>
    </comps>
  </HediffDef>

  <ThingDef ParentName="FF_BodyPartBionicBase">
    <defName>FF_FlamerWrist</defName>
    <label>flamer wrist</label>
    <description>An advanced artifical arm, with a built-in flamethrower. While providing combat advantage, it is better than a biological arm in almost every way.</description>
    <descriptionHyperlinks><RecipeDef>FF_InstallFlamerWrist</RecipeDef></descriptionHyperlinks>
    <costList>
      <Plasteel>15</Plasteel>
      <ComponentSpacer>4</ComponentSpacer>
      <Chemfuel>40</Chemfuel>
    </costList>
    <thingSetMakerTags><li>RewardStandardLowFreq</li></thingSetMakerTags>
    <researchPrerequisites>
      <li>Bionics</li>
      <li>VWE_Flamethrower</li>
    </researchPrerequisites>
    <statBases>
      <Mass>5</Mass>
    </statBases>
  </ThingDef>

  <RecipeDef ParentName="SurgeryInstallBodyPartArtificialBase">
    <defName>FF_InstallFlamerWrist</defName>
    <label>install flamer wrist</label>
    <description>Install a flamer wrist.</description>
    <descriptionHyperlinks>
      <ThingDef>FF_FlamerWrist</ThingDef>
      <HediffDef>FF_FlamerWrist</HediffDef>
    </descriptionHyperlinks>
    <jobString>Installing flamer wrist.</jobString>
    <ingredients>
      <li>
        <filter>
          <thingDefs>
            <li>FF_FlamerWrist</li>
          </thingDefs>
        </filter>
        <count>1</count>
      </li>
    </ingredients>
    <fixedIngredientFilter>
      <thingDefs>
        <li>FF_FlamerWrist</li>
      </thingDefs>
    </fixedIngredientFilter>
    <appliedOnFixedBodyParts>
      <li>Hand</li>
    </appliedOnFixedBodyParts>
    <addsHediff>FF_FlamerWrist</addsHediff>
  </RecipeDef>
        </value>
      </li>
    </operations>
    </match>
  </Operation>

</Patch>