<?xml version="1.0" encoding="utf-8" ?>
<Patch>

  <Operation Class="PatchOperationFindMod">
    <mods>
      <li>Vanilla Weapons Expanded</li>
      <li>Vanilla Weapons Expanded - Heavy Weapons</li>
    </mods>

    <match Class="PatchOperationSequence">
    <operations>
      <li Class="PatchOperationAdd">
        <xpath>/Defs/ThingDef[defName="Bullet_FF_SwarmRocket"]</xpath>
        <value>
          <comps>
            <li Class="HeavyWeapons.CompProperties_GuidedProjectile">
              <hitChance>1</hitChance>
              <selectDifferentTargets>true</selectDifferentTargets>
            </li>
          </comps>
        </value>
      </li>
      <li Class="PatchOperationAdd">
        <xpath>/Defs/ThingDef[defName="FF_SwarmWrist"]/researchPrerequisites</xpath>
        <value>
            <li>VWE_HeavyWeapons</li>
        </value>
      </li>
      <li Class="PatchOperationReplace">
        <xpath>/Defs/ThingDef[defName="Bullet_FF_SwarmRocket"]/graphicData/texPath</xpath>
        <value>
          <texPath>Things/Projectile/RocketSwarm</texPath>
        </value>
      </li>
    </operations>
    </match>
  </Operation>

</Patch>