<?xml version="1.0" encoding="utf-8" ?>
<Defs>

  <HediffDef ParentName="AddedBodyPartBase">
    <defName>FF_JumpPackSpine</defName>
    <label>jump pack spine</label>
    <labelNoun>a jump pack spine</labelNoun>
    <description>An installed jump pack spine.</description>
    <descriptionHyperlinks><ThingDef>FF_JumpPackSpine</ThingDef></descriptionHyperlinks>
    <spawnThingOnRemoved>FF_JumpPackSpine</spawnThingOnRemoved>
    <addedPartProps>
      <solid>true</solid>
      <partEfficiency>1</partEfficiency>
    </addedPartProps>
    <comps>
      <li Class="MVCF.Comps.HediffCompProperties_ExtendedVerbGiver">
        <verbs>
          <li>
            <verbClass>MVCF.Verbs.Verb_Jump</verbClass>
            <label>jump</label>
            <violent>false</violent>
            <hasStandardCommand>true</hasStandardCommand>
            <onlyManualCast>True</onlyManualCast>
            <forceNormalTimeSpeed>false</forceNormalTimeSpeed>
            <warmupTime>1</warmupTime>
            <warmupEffecter>JumpWarmupEffect</warmupEffecter>
            <requireLineOfSight>true</requireLineOfSight>
            <targetParams>
              <canTargetLocations>true</canTargetLocations>
              <canTargetPawns>false</canTargetPawns>
              <canTargetBuildings>false</canTargetBuildings>
            </targetParams>
            <range>15.9</range>
          </li>
        </verbs>
        <verbProps>
          <li>
            <label>jump</label>
            <graphic>
              <texPath>Things/Pawn/Humanlike/Apparel/JumpPack/JumpPack</texPath>
              <graphicClass>Graphic_Single</graphicClass>
            </graphic>
            <brawlerCaresAbout>false</brawlerCaresAbout>
          </li>
        </verbProps>
      </li>
      <li Class="Reloading.HediffCompProperties_Reloadable">
        <compClass>Reloading.HediffComp_Reloadable</compClass>
        <AmmoFilter><thingDefs><li>Chemfuel</li></thingDefs></AmmoFilter>
        <ItemsPerShot>30</ItemsPerShot>
        <MaxShots>3</MaxShots>
        <ReloadTimePerShot>5</ReloadTimePerShot>
      </li>
    </comps>
  </HediffDef>

  <ThingDef ParentName="FF_BodyPartBionicCombatBase">
    <defName>FF_JumpPackSpine</defName>
    <label>jump pack spine</label>
    <description>An advanced artifical spine, with a built-in jump pack system. While providing combat utility, it matches the performance of a biological spine.</description>
    <descriptionHyperlinks><RecipeDef>FF_InstallJumpPackSpine</RecipeDef></descriptionHyperlinks>
    <costList>
      <Plasteel>15</Plasteel>
      <ComponentSpacer>4</ComponentSpacer>
      <Steel>40</Steel>
      <Chemfuel>100</Chemfuel>
    </costList>
    <thingSetMakerTags><li>RewardStandardLowFreq</li></thingSetMakerTags>
    <statBases>
      <Mass>3</Mass>
    </statBases>
	<recipeMaker>
      <researchPrerequisites>
        <li>Bionics</li>
        <li>JumpPack</li>
	  </researchPrerequisites>
	</recipeMaker>
  </ThingDef>

  <RecipeDef ParentName="SurgeryInstallBodyPartArtificialBase">
    <defName>FF_InstallJumpPackSpine</defName>
    <label>install jump pack spine</label>
    <description>Install a jump pack spine.</description>
    <descriptionHyperlinks>
      <ThingDef>FF_JumpPackSpine</ThingDef>
      <HediffDef>FF_JumpPackSpine</HediffDef>
    </descriptionHyperlinks>
    <jobString>Installing jump pack spine.</jobString>
    <ingredients>
      <li>
        <filter>
          <thingDefs>
            <li>FF_JumpPackSpine</li>
          </thingDefs>
        </filter>
        <count>1</count>
      </li>
    </ingredients>
    <fixedIngredientFilter>
      <thingDefs>
        <li>FF_JumpPackSpine</li>
      </thingDefs>
    </fixedIngredientFilter>
    <appliedOnFixedBodyParts>
      <li>Spine</li>
    </appliedOnFixedBodyParts>
    <addsHediff>FF_JumpPackSpine</addsHediff>
  </RecipeDef>

</Defs>