<?xml version="1.0" encoding="utf-8" ?>
<Patch>

  <Operation Class="VFECore.PatchOperationToggableSequence">
    <enabled>False</enabled>
    <mods>
      <li>Combat Bionics</li>
      <li>[LTS] Ammunition</li>
    </mods>
    <label>[LTS] Ammunition Support:</label>
    <operations>

      <li Class="PatchOperationAdd">
        <xpath>Defs/HediffDef[defName="FF_MinigunArm"]/comps</xpath>
        <value>
          <li Class="Reloading.HediffCompProperties_Reloadable">
            <compClass>Reloading.HediffComp_Reloadable</compClass>
            <MaxShots>60</MaxShots>
            <AmmoFilter>
              <thingDefs>
                <li>AmmoIndustrial</li>
              </thingDefs>
            </AmmoFilter>
            <ItemsPerShot>1</ItemsPerShot>
            <ReloadTimePerShot>0.05</ReloadTimePerShot>
            <ReloadSound>Interact_Rifle</ReloadSound>
          </li>
        </value>
      </li>

      <li Class="PatchOperationReplace">
        <xpath>Defs/HediffDef[defName="FF_SwarmWrist"]/comps/li[1]/AmmoFilter/thingDefs/li</xpath>
        <value>
          <li>AmmoIndustrial</li>
        </value>
      </li>
  
      <li Class="PatchOperationFindMod">
        <mods>
          <li>Vanilla Weapons Expanded - Laser</li>
        </mods>
    
        <match Class="PatchOperationSequence">
          <operations>
  
            <li Class="PatchOperationAdd">
              <xpath>Defs/HediffDef[defName="FF_LaserWrist"]/comps</xpath>
              <value>
                <li Class="Reloading.HediffCompProperties_Reloadable">
                  <compClass>Reloading.HediffComp_Reloadable</compClass>
                  <MaxShots>20</MaxShots>
                  <AmmoFilter>
                    <thingDefs>
                      <li>AmmoSpacer</li>
                    </thingDefs>
                  </AmmoFilter>
                  <ItemsPerShot>1</ItemsPerShot>
                  <ReloadTimePerShot>0.05</ReloadTimePerShot>
                  <ReloadSound>VWE_Interact_LaserGun</ReloadSound>
                </li>
              </value>
            </li>

          </operations>
        </match>

      </li>

    </operations>
  </Operation>
  
</Patch>