<?xml version="1.0" encoding="utf-8" ?>
<Defs>

  <HediffDef ParentName="AddedBodyPartBase">
    <defName>FF_MinigunArm</defName>
    <label>minigun arm</label>
    <labelNoun>a minigun arm</labelNoun>
    <description>An installed minigun arm.</description>
    <descriptionHyperlinks><ThingDef>FF_MinigunArm</ThingDef></descriptionHyperlinks>
    <spawnThingOnRemoved>FF_MinigunArm</spawnThingOnRemoved>
    <addedPartProps>
      <solid>true</solid>
      <partEfficiency>0.5</partEfficiency>
    </addedPartProps>
    <comps>
      <li Class="MVCF.Comps.HediffCompProperties_ExtendedVerbGiver">
        <verbs>
          <li>
            <verbClass>Verb_Shoot</verbClass>
            <label>FF_MinigunArm</label>
            <hasStandardCommand>True</hasStandardCommand>
            <defaultProjectile>Bullet_Minigun</defaultProjectile>
            <forcedMissRadius>2.9</forcedMissRadius>
            <burstShotCount>15</burstShotCount>
            <ticksBetweenBurstShots>5</ticksBetweenBurstShots>
            <warmupTime>2.5</warmupTime>
            <range>30.9</range>
            <soundCast>Shot_Minigun</soundCast>
            <soundCastTail>GunTail_Medium</soundCastTail>
            <onlyManualCast>false</onlyManualCast>
            <targetParams>
              <canTargetLocations>false</canTargetLocations>
              <canTargetPawns>true</canTargetPawns>
              <canTargetBuildings>true</canTargetBuildings>
            </targetParams>
            <muzzleFlashScale>9</muzzleFlashScale>
          </li>
        </verbs>
        <verbProps>
          <li>
            <label>FF_MinigunArm</label>
            <visualLabel>minigun arm</visualLabel>
            <draw>false</draw>
            <canBeToggled>true</canBeToggled>
            <canFireIndependently>false</canFireIndependently>
          </li>
        </verbProps>
        <tools>
          <li>
            <label>minigun arm</label>
            <capacities>
              <li>Blunt</li>
            </capacities>
            <power>14</power>
            <cooldownTime>2.4</cooldownTime>
          </li>
        </tools>
      </li>
    </comps>
  </HediffDef>

  <ThingDef ParentName="FF_BodyPartProstheticCombatBase">
    <defName>FF_MinigunArm</defName>
    <label>minigun arm</label>
    <description>A prosthetic arm, with a built-in retractable minigun. While providing combat advantage, it matches the performance of a prosthetic arm.</description>
    <descriptionHyperlinks><RecipeDef>FF_InstallMinigunArm</RecipeDef></descriptionHyperlinks>
    <costList>
      <Steel>100</Steel>
      <ComponentIndustrial>10</ComponentIndustrial>
    </costList>
    <thingSetMakerTags><li>RewardStandardLowFreq</li></thingSetMakerTags>
    <statBases>
      <Mass>10</Mass>
    </statBases>
	<recipeMaker>
      <researchPrerequisites>
        <li>Prosthetics</li>
        <li>MultibarrelWeapons</li>
      </researchPrerequisites>
	</recipeMaker>
  </ThingDef>

  <RecipeDef ParentName="SurgeryInstallBodyPartArtificialBase">
    <defName>FF_InstallMinigunArm</defName>
    <label>install minigun arm</label>
    <description>Install a minigun arm.</description>
    <descriptionHyperlinks>
      <ThingDef>FF_MinigunArm</ThingDef>
      <HediffDef>FF_MinigunArm</HediffDef>
    </descriptionHyperlinks>
    <jobString>Installing minigun arm.</jobString>
    <ingredients>
      <li>
        <filter>
          <thingDefs>
            <li>FF_MinigunArm</li>
          </thingDefs>
        </filter>
        <count>1</count>
      </li>
    </ingredients>
    <fixedIngredientFilter>
      <thingDefs>
        <li>FF_MinigunArm</li>
      </thingDefs>
    </fixedIngredientFilter>
    <appliedOnFixedBodyParts>
      <li>Arm</li>
    </appliedOnFixedBodyParts>
    <addsHediff>FF_MinigunArm</addsHediff>
  </RecipeDef>

</Defs>