<?xml version="1.0" encoding="utf-8" ?>
<Defs>

  <HediffDef ParentName="AddedBodyPartBase">
    <defName>FF_TeslaWrist</defName>
    <label>tesla wrist (legacy)</label>
    <labelNoun>a tesla wrist</labelNoun>
    <description>An installed tesla wrist.</description>
    <descriptionHyperlinks><ThingDef>FF_TeslaWrist</ThingDef></descriptionHyperlinks>
    <spawnThingOnRemoved>FF_TeslaWrist</spawnThingOnRemoved>
    <addedPartProps>
      <solid>true</solid>
      <partEfficiency>1.15</partEfficiency>
      <betterThanNatural>true</betterThanNatural>
    </addedPartProps>
    <comps>
      <li Class="MVCF.Comps.HediffCompProperties_ExtendedVerbGiver">
        <tools>
          <li>
            <label>fist</label>
            <capacities>
              <li>Blunt</li>
            </capacities>
            <power>12</power>
            <cooldownTime>2</cooldownTime>
            <soundMeleeHit>MeleeHit_BionicPunch</soundMeleeHit>
            <soundMeleeMiss>MeleeMiss_BionicPunch</soundMeleeMiss>
          </li>
        </tools>
        <verbs>
          <li>
		    <label>tesla wrist</label>
            <verbClass>Verb_Shoot</verbClass>
            <hasStandardCommand>True</hasStandardCommand>
            <defaultProjectile>VWEL_Bullet_TeslaGun</defaultProjectile>
            <burstShotCount>1</burstShotCount>
            <ticksBetweenBurstShots>8</ticksBetweenBurstShots>
            <warmupTime>2.4</warmupTime>
            <range>18.9</range>
            <soundCast>VWE_LaserShot_Electricity</soundCast>
            <soundCastTail>GunTail_Heavy</soundCastTail>
            <onlyManualCast>false</onlyManualCast>
            <targetParams>
              <canTargetLocations>true</canTargetLocations>
            </targetParams>
            <muzzleFlashScale>14</muzzleFlashScale>
          </li>
        </verbs>
        <verbProps>
          <li>
            <label>tesla wrist</label>
            <draw>false</draw>
            <canBeToggled>true</canBeToggled>
            <canFireIndependently>false</canFireIndependently>
          </li>
        </verbProps>
      </li>
    </comps>
  </HediffDef>

  <ThingDef ParentName="FF_BodyPartBionicCombatBase">
    <defName>FF_TeslaWrist</defName>
    <label>tesla wrist (legacy)</label>
    <description>An advanced artifical hand, with a built-in electric weapon. While providing combat advantage, it is better than a biological hand in almost every way.</description>
    <descriptionHyperlinks><RecipeDef>FF_InstallTeslaWrist</RecipeDef></descriptionHyperlinks>
    <costList>
      <Plasteel>20</Plasteel>
      <ComponentSpacer>4</ComponentSpacer>
      <ComponentIndustrial>3</ComponentIndustrial>
    </costList>
    <thingSetMakerTags><li>RewardStandardLowFreq</li></thingSetMakerTags>
    <statBases>
      <Mass>5</Mass>
    </statBases>
    <recipeMaker Inherit="False" /> <!-- You'll no longer be able to craft the legacy version -->
    <techHediffsTags Inherit="False" /> <!-- You'll no longer see this spawned on pawns -->
    <tradeTags Inherit="False" /> <!-- You'll no longer see this sold by traders -->
  </ThingDef>

  <RecipeDef ParentName="SurgeryInstallBodyPartArtificialBase">
    <defName>FF_InstallTeslaWrist</defName>
    <label>install tesla wrist (legacy)</label>
    <description>Install a tesla wrist.</description>
    <descriptionHyperlinks>
      <ThingDef>FF_TeslaWrist</ThingDef>
      <HediffDef>FF_TeslaWrist</HediffDef>
    </descriptionHyperlinks>
    <jobString>Installing tesla wrist.</jobString>
    <ingredients>
      <li>
        <filter>
          <thingDefs>
            <li>FF_TeslaWrist</li>
          </thingDefs>
        </filter>
        <count>1</count>
      </li>
    </ingredients>
    <fixedIngredientFilter>
      <thingDefs>
        <li>FF_TeslaWrist</li>
      </thingDefs>
    </fixedIngredientFilter>
    <appliedOnFixedBodyParts>
      <li>Hand</li>
    </appliedOnFixedBodyParts>
    <addsHediff>FF_TeslaWrist</addsHediff>
  </RecipeDef>

</Defs>