<?xml version="1.0" encoding="utf-8" ?>
<Defs>

  <HediffDef ParentName="ImplantHediffBase">
    <defName>FF_FlamerWristImplant</defName>
    <label>wrist flamer</label>
    <labelNoun>a wrist flamer</labelNoun>
    <description>An installed wrist flamer.</description>
    <descriptionHyperlinks><ThingDef>FF_FlamerWristImplant</ThingDef></descriptionHyperlinks>
    <spawnThingOnRemoved>FF_FlamerWristImplant</spawnThingOnRemoved>
    <comps>
      <li Class="MVCF.Comps.HediffCompProperties_ExtendedVerbGiver">
        <verbs>
          <li>
            <verbClass>Verb_Shoot</verbClass>
            <label>FF_FlamerWristImplant</label>
            <hasStandardCommand>True</hasStandardCommand>
            <defaultProjectile>VWE_Bullet_HeavyFlamer</defaultProjectile>
            <burstShotCount>1</burstShotCount>
            <warmupTime>0.75</warmupTime>
            <ai_AvoidFriendlyFireRadius>3</ai_AvoidFriendlyFireRadius>
            <range>14.9</range>
            <soundCast>InfernoCannon_Fire</soundCast>
            <soundCastTail>GunTail_Light</soundCastTail>
            <onlyManualCast>true</onlyManualCast>
            <targetParams>
              <canTargetLocations>true</canTargetLocations>
            </targetParams>
            <muzzleFlashScale>14</muzzleFlashScale>
          </li>
        </verbs>
        <verbProps>
          <li>
            <label>FF_FlamerWristImplant</label>
            <visualLabel>wrist flamer</visualLabel>
            <draw>false</draw>
            <canBeToggled>true</canBeToggled>
            <canFireIndependently>false</canFireIndependently>
            <comps>
              <li Class="MVCF.VerbComps.VerbCompProperties_Cooldown">
                <compClass>MVCF.VerbComps.VerbComp_Cooldown</compClass>
                <cooldownTime>5</cooldownTime>
              </li>
              <li Class="MVCF.Reloading.Comps.VerbCompProperties_Reloadable">
                <compClass>MVCF.Reloading.Comps.VerbComp_Reloadable</compClass>
                <MaxShots>3</MaxShots>
                <AmmoFilter>
                  <thingDefs>
                    <li>Chemfuel</li>
                  </thingDefs>
                </AmmoFilter>
                <ItemsPerShot>10</ItemsPerShot>
                <ReloadTimePerShot>1</ReloadTimePerShot>
                <ReloadSound>Interact_BeatFire</ReloadSound>
              </li>
            </comps>
          </li>
        </verbProps>
        <tools>
          <li>
            <label>wrist flamer</label>
            <capacities>
              <li>Blunt</li>
            </capacities>
            <power>12</power>
            <cooldownTime>2</cooldownTime>
            <soundMeleeHit>MeleeHit_BionicPunch</soundMeleeHit>
            <soundMeleeMiss>MeleeMiss_BionicPunch</soundMeleeMiss>
            <extraMeleeDamages>
              <li>
                <def>Flame</def>
                <chance>0.1</chance>
                <amount>4</amount>
              </li>
            </extraMeleeDamages>
          </li>
        </tools>
      </li>
    </comps>
  </HediffDef>

  <ThingDef ParentName="FF_BodyPartBionicCombatBase">
    <defName>FF_FlamerWristImplant</defName>
    <label>wrist flamer</label>
    <description>An advanced arm implant, with a built-in flamethrower.</description>
    <descriptionHyperlinks><RecipeDef>FF_InstallFlamerWristImplant</RecipeDef></descriptionHyperlinks>
    <costList>
      <Plasteel>15</Plasteel>
      <ComponentSpacer>4</ComponentSpacer>
      <Chemfuel>60</Chemfuel>
    </costList>
    <thingSetMakerTags><li>RewardStandardLowFreq</li></thingSetMakerTags>
    <recipeMaker>
      <researchPrerequisites>
        <li>Bionics</li>
        <li MayRequire="vanillaexpanded.vwe">VWE_Flamethrower</li>
      </researchPrerequisites>
    </recipeMaker>
	<statBases>
      <Mass>5</Mass>
    </statBases>
  </ThingDef>

  <RecipeDef ParentName="SurgeryInstallBodyPartArtificialBase">
    <defName>FF_InstallFlamerWristImplant</defName>
    <label>install wrist flamer</label>
    <description>Install a wrist flamer.</description>
    <descriptionHyperlinks>
      <ThingDef>FF_FlamerWristImplant</ThingDef>
      <HediffDef>FF_FlamerWristImplant</HediffDef>
    </descriptionHyperlinks>
    <workerClass>CombatBionics.Recipe_InstallImplantOverBionics</workerClass>
    <jobString>Installing wrist flamer.</jobString>
    <ingredients>
      <li>
        <filter>
          <thingDefs>
            <li>FF_FlamerWristImplant</li>
          </thingDefs>
        </filter>
        <count>1</count>
      </li>
    </ingredients>
    <fixedIngredientFilter>
      <thingDefs>
        <li>FF_FlamerWristImplant</li>
      </thingDefs>
    </fixedIngredientFilter>
    <appliedOnFixedBodyParts>
      <li>Arm</li>
    </appliedOnFixedBodyParts>
    <addsHediff>FF_FlamerWristImplant</addsHediff>
  </RecipeDef>
  
  <RecipeDef ParentName="SurgeryRemoveImplantBase">
    <defName>FF_RemoveFlamerWristImplant</defName>
    <label>remove wrist flamer</label>
    <description>Remove wrist flamer.</description>
    <descriptionHyperlinks>
      <ThingDef>FF_FlamerWristImplant</ThingDef>
      <HediffDef>FF_FlamerWristImplant</HediffDef>
    </descriptionHyperlinks>
    <jobString>Removing wrist flamer.</jobString>
    <removesHediff>FF_FlamerWristImplant</removesHediff>
  </RecipeDef>
  
  <!-- Legacy Version -->

  <HediffDef ParentName="AddedBodyPartBase">
    <defName>FF_FlamerWrist</defName>
    <label>flamer wrist (legacy)</label>
    <labelNoun>a flamer wrist</labelNoun>
    <description>An installed flamer wrist.</description>
    <descriptionHyperlinks><ThingDef>FF_FlamerWrist</ThingDef></descriptionHyperlinks>
    <spawnThingOnRemoved>FF_FlamerWrist</spawnThingOnRemoved>
    <addedPartProps>
      <solid>true</solid>
      <partEfficiency>1.15</partEfficiency>
      <betterThanNatural>true</betterThanNatural>
    </addedPartProps>
    <comps>
      <li Class="MVCF.Comps.HediffCompProperties_ExtendedVerbGiver">
        <tools>
          <li>
            <label>fist</label>
            <capacities>
              <li>Blunt</li>
            </capacities>
            <power>12</power>
            <cooldownTime>2</cooldownTime>
            <soundMeleeHit>MeleeHit_BionicPunch</soundMeleeHit>
            <soundMeleeMiss>MeleeMiss_BionicPunch</soundMeleeMiss>
          </li>
        </tools>
        <verbs>
          <li>
            <verbClass>Verb_Shoot</verbClass>
            <label>FF_FlamerWrist</label>
            <hasStandardCommand>True</hasStandardCommand>
            <defaultProjectile>VWE_Bullet_HeavyFlamer</defaultProjectile>
            <burstShotCount>1</burstShotCount>
            <warmupTime>0.75</warmupTime>
            <ai_AvoidFriendlyFireRadius>3</ai_AvoidFriendlyFireRadius>
            <range>14.9</range>
            <soundCast>InfernoCannon_Fire</soundCast>
            <soundCastTail>GunTail_Light</soundCastTail>
            <onlyManualCast>true</onlyManualCast>
            <targetParams>
              <canTargetLocations>true</canTargetLocations>
            </targetParams>
            <muzzleFlashScale>14</muzzleFlashScale>
          </li>
        </verbs>
        <verbProps>
          <li>
            <label>FF_FlamerWrist</label>
            <visualLabel>wrist flamer</visualLabel>
            <draw>false</draw>
            <canBeToggled>true</canBeToggled>
            <canFireIndependently>false</canFireIndependently>
            <comps>
              <li Class="MVCF.VerbComps.VerbCompProperties_Cooldown">
                <compClass>MVCF.VerbComps.VerbComp_Cooldown</compClass>
                <cooldownTime>5</cooldownTime>
              </li>
              <li Class="MVCF.Reloading.Comps.VerbCompProperties_Reloadable">
                <compClass>MVCF.Reloading.Comps.VerbComp_Reloadable</compClass>
                <MaxShots>3</MaxShots>
                <AmmoFilter>
                  <thingDefs>
                    <li>Chemfuel</li>
                  </thingDefs>
                </AmmoFilter>
                <ItemsPerShot>10</ItemsPerShot>
                <ReloadTimePerShot>1</ReloadTimePerShot>
                <ReloadSound>Interact_BeatFire</ReloadSound>
              </li>
            </comps>
          </li>
        </verbProps>
      </li>
    </comps>
  </HediffDef>

  <ThingDef ParentName="FF_BodyPartBionicCombatBase">
    <defName>FF_FlamerWrist</defName>
    <label>flamer wrist (legacy)</label>
    <description>An advanced artifical arm, with a built-in flamethrower. While providing combat advantage, it is better than a biological arm in almost every way.</description>
    <descriptionHyperlinks><RecipeDef>FF_InstallFlamerWrist</RecipeDef></descriptionHyperlinks>
    <costList>
      <Plasteel>30</Plasteel>
      <ComponentSpacer>4</ComponentSpacer>
      <Chemfuel>60</Chemfuel>
    </costList>
    <statBases>
      <Mass>5</Mass>
    </statBases>
    <recipeMaker Inherit="False" /> <!-- You'll no longer be able to craft the legacy version -->
    <techHediffsTags Inherit="False" /> <!-- You'll no longer see this spawned on pawns -->
    <tradeTags Inherit="False" /> <!-- You'll no longer see this sold by traders -->
  </ThingDef>

  <RecipeDef ParentName="SurgeryInstallBodyPartArtificialBase">
    <defName>FF_InstallFlamerWrist</defName>
    <label>install flamer wrist (legacy)</label>
    <description>Install a flamer wrist.</description>
    <descriptionHyperlinks>
      <ThingDef>FF_FlamerWrist</ThingDef>
      <HediffDef>FF_FlamerWrist</HediffDef>
    </descriptionHyperlinks>
    <jobString>Installing flamer wrist.</jobString>
    <ingredients>
      <li>
        <filter>
          <thingDefs>
            <li>FF_FlamerWrist</li>
          </thingDefs>
        </filter>
        <count>1</count>
      </li>
    </ingredients>
    <fixedIngredientFilter>
      <thingDefs>
        <li>FF_FlamerWrist</li>
      </thingDefs>
    </fixedIngredientFilter>
    <appliedOnFixedBodyParts>
      <li>Hand</li>
    </appliedOnFixedBodyParts>
    <addsHediff>FF_FlamerWrist</addsHediff>
  </RecipeDef>

</Defs>